{
  "controller/View1-dbg.controller.js": 1603127749090,
  "controller/View1.controller.js": 1603127749090,
  "model/models.js": 1603127749090,
  "manifest.json": 1603135423639,
  "controller/List.controller.js": 1603132089428,
  "controller/Detail.controller.js": 1603132309422,
  "Component.js": 1603127749086,
  "manifest-bundle.zip": 1603135423408,
  "Component-preload.js": 1603135423608,
  "model/models-dbg.js": 1603127749090,
  "i18n/i18n.properties": 1603131489938,
  "controller/List-dbg.controller.js": 1603132089428,
  "controller/Detail-dbg.controller.js": 1603132309422,
  "Component-dbg.js": 1603127749086,
  "resources.json": 1603135423642,
  "view/View1.view.xml": 1603129442139,
  "view/List.view.xml": 1603132139052,
  "view/Detail.view.xml": 1603132309422,
  "css/style.css": 1603127749090,
  "index.html": 1603127749086
}